{
  "feishu_records": [
    {
      "fields": {
        "T-1月付费线索量": 81260,
        "T-1月区域线索量": 35431,
        "T-1月咨询留资率": 0.5912,
        "T-1月场均场观": 492.909453,
        "T-1月场均小风车留资量": 5.923628,
        "T-1月场均曝光人数": 9585.442242,
        "T-1月场观": 9771437,
        "T-1月小风车点击": 858951,
        "T-1月小风车点击率": 0.087904,
        "T-1月小风车点击留资率": 0.136713,
        "T-1月小风车留资": 117430,
        "T-1月广告线索量": 150052,
        "T-1月日均咨询留资人数": 4562.483871,
        "T-1月日均有效（25min以上）时长（h）": 735.577321,
        "T-1月日均私信开口人数": 7717.322581,
        "T-1月日均进私人数": 21433.225806,
        "T-1月曝光人数": 190021807,
        "T-1月曝光进入率": 0.051423,
        "T-1月有效直播场次": 19824,
        "T-1月有效直播时长(小时)": 22833.038889,
        "T-1月本地线索量": 143013,
        "T-1月消耗": 5672057.24,
        "T-1月直播付费CPL": 48.607495,
        "T-1月直播线索": 124714,
        "T-1月直播车云店+区域付费线索量日均": 3764.225806,
        "T-1月直播车云店+区域日均消耗": 182969.588387,
        "T-1月短视频发布": 6067,
        "T-1月短视频播放": 37514174,
        "T-1月短视频留资": 707,
        "T-1月私信咨询率": 0.360064,
        "T-1月私信开口": 239237,
        "T-1月私信留资": 141437,
        "T-1月私信转化率": 0.21287,
        "T-1月组件点击": 10979,
        "T-1月组件点击率": 0.001189,
        "T-1月组件留资率": 7.7e-05,
        "T-1月自然线索量": 53504,
        "T-1月进私": 664430,
        "T-1月锚点曝光": 9232059,
        "T月付费线索量": 49499,
        "T月区域线索量": 21721,
        "T月咨询留资率": 0.610353,
        "T月场均场观": 531.813225,
        "T月场均小风车留资量": 5.67819,
        "T月场均曝光人数": 10246.037896,
        "T月场观": 6876345,
        "T月小风车点击": 545828,
        "T月小风车点击率": 0.079378,
        "T月小风车点击留资率": 0.134509,
        "T月小风车留资": 73419,
        "T月广告线索量": 91578,
        "T月日均咨询留资人数": 4756.85,
        "T月日均有效（25min以上）时长（h）": 754.976542,
        "T月日均私信开口人数": 7793.6,
        "T月日均进私人数": 20636.25,
        "T月曝光人数": 132481270,
        "T月曝光进入率": 0.051904,
        "T月有效直播场次": 12930,
        "T月有效直播时长(小时)": 15120.5225,
        "T月本地线索量": 89765,
        "T月消耗": 3911672.72,
        "T月直播付费CPL": 54.923796,
        "T月直播线索": 78671,
        "T月直播车云店+区域付费线索量日均": 3561,
        "T月直播车云店+区域日均消耗": 195583.636,
        "T月短视频发布": 3680,
        "T月短视频播放": 42529545,
        "T月短视频留资": 526,
        "T月私信咨询率": 0.377666,
        "T月私信开口": 155872,
        "T月私信留资": 95137,
        "T月私信转化率": 0.230509,
        "T月组件点击": 9278,
        "T月组件点击率": 0.00125,
        "T月组件留资率": 7.1e-05,
        "T月自然线索量": 35766,
        "T月进私": 412725,
        "T月锚点曝光": 7422686,
        "付费CPL（车云店+区域）": 51.001431,
        "付费线索总量": 130759,
        "区域线索总量": 57152,
        "咨询留资率": 0.598756,
        "场均场观": 508.267143,
        "场均小风车留资量": 5.826739,
        "场均曝光人数": 9846.219607,
        "小风车点击总量": 1404779,
        "小风车点击率": 0.084382,
        "小风车点击留资率": 0.135857,
        "小风车留资总量": 190849,
        "层级": "A",
        "广告线索总量": 241630,
        "总场观": 16647782,
        "总曝光人数": 322503077,
        "总消耗": 9583729.96,
        "日均咨询留资人数": 4638.705882,
        "日均有效（25min以上）时长（h）": 743.184858,
        "日均私信开口人数": 7747.235294,
        "日均进私人数": 21120.686275,
        "曝光进入率": 0.051621,
        "有效直播场次总量": 32754,
        "有效直播时长总量(小时)": 37953.561389,
        "本地线索占比": 0.703469,
        "本地线索总量": 232778,
        "直播线索总量": 203385,
        "直播车云店+区域付费线索量日均": 3684.529412,
        "直播车云店+区域日均消耗": 187916.273725,
        "短视频发布总量": 9747,
        "短视频播放总量": 80043719,
        "短视频留资总量": 1233,
        "私信咨询率": 0.366808,
        "私信开口总量": 395109,
        "私信留资总量": 236574,
        "私信转化率": 0.219629,
        "组件点击总量": 20257,
        "组件点击率": 0.001216,
        "组件留资率": 7.4e-05,
        "自然线索总量": 89270,
        "车云店+区域综合CPL": 28.962617,
        "进私总量": 1077155,
        "锚点曝光总量": 16654745
      }
    }
  ]
}